{
  "hash": "7df2b1a6",
  "configHash": "739489e9",
  "lockfileHash": "9bd62828",
  "browserHash": "88007458",
  "optimized": {
    "@angular/common": {
      "src": "../../../../../../node_modules/@angular/common/fesm2022/common.mjs",
      "file": "@angular_common.js",
      "fileHash": "d1fb7778",
      "needsInterop": false
    },
    "@angular/common/http": {
      "src": "../../../../../../node_modules/@angular/common/fesm2022/http.mjs",
      "file": "@angular_common_http.js",
      "fileHash": "d76d7f05",
      "needsInterop": false
    },
    "@angular/core": {
      "src": "../../../../../../node_modules/@angular/core/fesm2022/core.mjs",
      "file": "@angular_core.js",
      "fileHash": "a0aced1f",
      "needsInterop": false
    },
    "@angular/forms": {
      "src": "../../../../../../node_modules/@angular/forms/fesm2022/forms.mjs",
      "file": "@angular_forms.js",
      "fileHash": "2c42352b",
      "needsInterop": false
    },
    "@angular/platform-browser": {
      "src": "../../../../../../node_modules/@angular/platform-browser/fesm2022/platform-browser.mjs",
      "file": "@angular_platform-browser.js",
      "fileHash": "66886b76",
      "needsInterop": false
    },
    "@angular/router": {
      "src": "../../../../../../node_modules/@angular/router/fesm2022/router.mjs",
      "file": "@angular_router.js",
      "fileHash": "7e9f12c6",
      "needsInterop": false
    }
  },
  "chunks": {
    "chunk-B6JM5VBN": {
      "file": "chunk-B6JM5VBN.js"
    },
    "chunk-PC3O4WCS": {
      "file": "chunk-PC3O4WCS.js"
    },
    "chunk-3SOMDF3R": {
      "file": "chunk-3SOMDF3R.js"
    },
    "chunk-OD6FT464": {
      "file": "chunk-OD6FT464.js"
    },
    "chunk-BMMIBYAN": {
      "file": "chunk-BMMIBYAN.js"
    }
  }
}