{
  "hash": "48b982dd",
  "configHash": "bdf60520",
  "lockfileHash": "9aa94116",
  "browserHash": "b33c9b11",
  "optimized": {
    "@angular/common": {
      "src": "../../../../../../node_modules/@angular/common/fesm2022/common.mjs",
      "file": "@angular_common.js",
      "fileHash": "6ac88db0",
      "needsInterop": false
    },
    "@angular/common/http": {
      "src": "../../../../../../node_modules/@angular/common/fesm2022/http.mjs",
      "file": "@angular_common_http.js",
      "fileHash": "b91f429b",
      "needsInterop": false
    },
    "@angular/core": {
      "src": "../../../../../../node_modules/@angular/core/fesm2022/core.mjs",
      "file": "@angular_core.js",
      "fileHash": "6f42c042",
      "needsInterop": false
    },
    "@angular/forms": {
      "src": "../../../../../../node_modules/@angular/forms/fesm2022/forms.mjs",
      "file": "@angular_forms.js",
      "fileHash": "2789a2b5",
      "needsInterop": false
    },
    "@angular/platform-browser": {
      "src": "../../../../../../node_modules/@angular/platform-browser/fesm2022/platform-browser.mjs",
      "file": "@angular_platform-browser.js",
      "fileHash": "cbece216",
      "needsInterop": false
    },
    "@angular/router": {
      "src": "../../../../../../node_modules/@angular/router/fesm2022/router.mjs",
      "file": "@angular_router.js",
      "fileHash": "8f0df714",
      "needsInterop": false
    }
  },
  "chunks": {
    "chunk-B6JM5VBN": {
      "file": "chunk-B6JM5VBN.js"
    },
    "chunk-PC3O4WCS": {
      "file": "chunk-PC3O4WCS.js"
    },
    "chunk-3SOMDF3R": {
      "file": "chunk-3SOMDF3R.js"
    },
    "chunk-OD6FT464": {
      "file": "chunk-OD6FT464.js"
    },
    "chunk-BMMIBYAN": {
      "file": "chunk-BMMIBYAN.js"
    }
  }
}